id,label_zh,kind,facility,cost_p,cost_m,population,supply_demand,build_seconds,unlock_seconds,max_hp,member_count,speed_mps,vision_m,primary_weapon,secondary_weapon,armor_front,armor_side,armor_rear,max_slope_deg,hull_turn_degps,turret_turn_degps,setup_seconds,pack_seconds
infantry,步兵班,infantry,barracks,70,10,2,1,18,0,800,8,1.6,140,rifle,,0,0,0,35,180,0,0,0
recon,侦察班,infantry,barracks,60,20,2,1,20,0,480,6,1.9,220,recon_rifle,,0,0,0,35,180,0,0,0
mg,机枪组,crew,barracks,90,35,3,1.5,24,0,400,4,1.3,140,mg,,0,0,0,25,90,0,3,2
engineer,工兵班,infantry,barracks,80,25,2,1.2,24,0,600,6,1.5,130,engineer_rifle,,0,0,0,35,180,0,0,0
at_gun,反坦克炮,crew,support,90,70,3,2,30,45,360,4,0.9,160,at_cannon,,0,0,0,25,25,0,5,4
mortar,迫击炮,crew,support,80,60,3,2,32,60,320,4,1,120,mortar_shell,,0,0,0,25,25,0,4,3
light_tank,轻型坦克,vehicle,vehicle,100,120,4,3,42,90,950,1,3,180,light_cannon,coax_mg,45,25,15,22,50,75,0,0
medium_tank,中型坦克,vehicle,vehicle,130,220,6,4,55,240,1900,1,2.6,190,medium_cannon,coax_mg,95,60,35,18,35,55,0,0
heavy_tank,重型坦克,vehicle,vehicle,160,360,8,6,80,600,3200,1,1.9,180,heavy_cannon,coax_mg,140,90,55,15,25,35,0,0
howitzer,榴弹炮,crew,support,100,200,5,4,65,180,420,5,0.7,110,howitzer_shell,,0,0,0,25,25,0,8,6
aa,防空炮,crew,support,80,85,3,2,36,180,380,4,0.9,180,aa_shell,,0,0,0,25,25,0,4,3
supply_truck,补给车,vehicle,vehicle,60,90,4,1,36,0,360,1,3.2,120,,,8,6,4,22,65,0,0,0
